Number;ID;Category;Subcategory;Name;Severity;Result;Operator;Recommended;DefaultValue;OMP
1;1.1.1;Account Policies;Password Policy;Length of password history maintained;Low;Keine;>=;24;24;? 
2;1.1.2;Account Policies;Password Policy;Maximum password age;Passed;42;<=!0;60;42;? 
3;1.1.3;Account Policies;Password Policy;Minimum password age;Low;0;>=;1;1;? 
4;1.1.4;Account Policies;Password Policy;Minimum password length;Medium;0;>=;14;7;? 
5;1.1.5;Account Policies;Password Policy;Password must meet complexity requirements;Passed;1;=;1;1;? 
6;1.1.6;Account Policies;Password Policy;Store passwords using reversible encryption;Passed;0;=;0;0;? 
7;1.2.1;Account Policies;Account Lockout Policy;Account lockout duration;Passed;30;>=;15;30;? 
8;1.2.2;Account Policies;Account Lockout Policy;Account lockout threshold;Low;Nie;<=!0;10;Never;? 
9;1.2.3;Account Policies;Account Lockout Policy;Reset account lockout counter;Passed;30;>=;15;30;? 
10;2.2.1;Local Policies;User Rights Assignment;Access Credential Manager as a trusted caller;Passed;;=;;;? 
11;2.2.2;Local Policies;User Rights Assignment;Access this computer from the network (DC);Medium;"Jeder;VORDEFINIERT\Administratoren;VORDEFINIERT\Benutzer;VORDEFINIERT\Sicherungs-Operatoren";=;"NT AUTHORITY\ENTERPRISE DOMAIN CONTROLLERS;BUILTIN\Administrators;NT AUTHORITY\Authenticated Users";"NT AUTHORITY\ENTERPRISE DOMAIN CONTROLLERS;BUILTIN\Pre-Windows 2000 Compatible Access;BUILTIN\Administrators;NT AUTHORITY\Authenticated Users;Everyone";? 
12;2.2.3;Local Policies;User Rights Assignment;Access this computer from the network (Member);Medium;"Jeder;VORDEFINIERT\Administratoren;VORDEFINIERT\Benutzer;VORDEFINIERT\Sicherungs-Operatoren";=;"BUILTIN\Administrators;NT AUTHORITY\Authenticated Users";"BUILTIN\Users;BUILTIN\Administrators;NT AUTHORITY\Authenticated Users;Everyone";? 
13;2.2.4;Local Policies;User Rights Assignment;Act as part of the operating system;Passed;;=;;;? 
14;2.2.5;Local Policies;User Rights Assignment;Add workstations to domain (DC);Medium;;=;BUILTIN\Administrators;NT AUTHORITY\Authenticated Users;? 
15;2.2.6;Local Policies;User Rights Assignment;Adjust memory quotas for a process;Passed;"NT-AUTORITÄT\Lokaler Dienst;NT-AUTORITÄT\Netzwerkdienst;VORDEFINIERT\Administratoren";=;"BUILTIN\Administrators;NT AUTHORITY\NETWORK SERVICE;NT AUTHORITY\LOCAL SERVICE";"BUILTIN\Administrators;NT AUTHORITY\NETWORK SERVICE;NT AUTHORITY\LOCAL SERVICE";? 
16;2.2.7;Local Policies;User Rights Assignment;Allow log on locally;Medium;"VORDEFINIERT\Administratoren;VORDEFINIERT\Benutzer;VORDEFINIERT\Sicherungs-Operatoren";=;BUILTIN\Administrators;"BUILTIN\Backup Operators;BUILTIN\Administrators;BUILTIN\Print Operators;BUILTIN\Account Operators";? 
17;2.2.8;Local Policies;User Rights Assignment;Allow log on through Remote Desktop Services (DC);Medium;"VORDEFINIERT\Administratoren;VORDEFINIERT\Remotedesktopbenutzer";=;BUILTIN\Administrators;BUILTIN\Administrators;? 
18;2.2.9;Local Policies;User Rights Assignment;Allow log on through Remote Desktop Services (Member);Passed;"VORDEFINIERT\Administratoren;VORDEFINIERT\Remotedesktopbenutzer";=;"BUILTIN\Remote Desktop Users;BUILTIN\Administrators";"BUILTIN\Remote Desktop Users;BUILTIN\Administrators";? 
19;2.2.10;Local Policies;User Rights Assignment;Back up files and directories;Medium;"VORDEFINIERT\Administratoren;VORDEFINIERT\Sicherungs-Operatoren";=;BUILTIN\Administrators;"BUILTIN\Administrators;BUILTIN\Backup Operators;BUILTIN\Server Operators";? 
20;2.2.11;Local Policies;User Rights Assignment;Change the system time;Passed;"NT-AUTORITÄT\Lokaler Dienst;VORDEFINIERT\Administratoren";=;"BUILTIN\Administrators;NT AUTHORITY\LOCAL SERVICE";"BUILTIN\Administrators;NT AUTHORITY\LOCAL SERVICE;BUILTIN\Server Operators";? 
21;2.2.12;Local Policies;User Rights Assignment;Change the time zone;Passed;"NT-AUTORITÄT\Lokaler Dienst;VORDEFINIERT\Administratoren";=;"BUILTIN\Administrators;NT AUTHORITY\LOCAL SERVICE";"BUILTIN\Device Owners;BUILTIN\Users;BUILTIN\Administrators;NT AUTHORITY\LOCAL SERVICE";? 
22;2.2.13;Local Policies;User Rights Assignment;Create a pagefile;Passed;VORDEFINIERT\Administratoren;=;BUILTIN\Administrators;BUILTIN\Administrators;? 
23;2.2.14;Local Policies;User Rights Assignment;Create a token object;Passed;;=;;;? 
24;2.2.15;Local Policies;User Rights Assignment;Create global objects;Passed;"NT-AUTORITÄT\Lokaler Dienst;NT-AUTORITÄT\Netzwerkdienst;VORDEFINIERT\Administratoren;NT-AUTORITÄT\DIENST";=;"NT AUTHORITY\SERVICE;BUILTIN\Administrators;NT AUTHORITY\NETWORK SERVICE;NT AUTHORITY\LOCAL SERVICE";"NT AUTHORITY\SERVICE;BUILTIN\Administrators;NT AUTHORITY\NETWORK SERVICE;NT AUTHORITY\LOCAL SERVICE";? 
25;2.2.16;Local Policies;User Rights Assignment;Create permanent shared objects;Passed;;=;;;? 
26;2.2.17;Local Policies;User Rights Assignment;Create symbolic links (DC);Passed;VORDEFINIERT\Administratoren;=;BUILTIN\Administrators;BUILTIN\Administrators;? 
27;2.2.18.1;Local Policies;User Rights Assignment;Create symbolic links (Member);Passed;VORDEFINIERT\Administratoren;=;BUILTIN\Administrators;BUILTIN\Administrators;? 
28;2.2.18.2;Local Policies;User Rights Assignment;Create symbolic links (Member, Hyper-V);Medium;VORDEFINIERT\Administratoren;=;"NT VIRTUAL MACHINE\Virtual Machines;BUILTIN\Administrators";"S-1-5-83-0;BUILTIN\Administrators";? 
29;2.2.19;Local Policies;User Rights Assignment;Debug programs;Passed;VORDEFINIERT\Administratoren;=;BUILTIN\Administrators;BUILTIN\Administrators;? 
30;2.2.20;Local Policies;User Rights Assignment;Deny access to this computer from the network (DC);Medium;;=;BUILTIN\Guests;BUILTIN\Guests;? 
31;2.2.21;Local Policies;User Rights Assignment;Deny access to this computer from the network (Member);Medium;;=;"BUILTIN\Guests;NT AUTHORITY\Local account and member of Administrators group";;? 
32;2.2.22;Local Policies;User Rights Assignment;Deny log on as a batch job;Medium;;=;BUILTIN\Guests;;? 
33;2.2.23;Local Policies;User Rights Assignment;Deny log on as a service;Medium;;=;BUILTIN\Guests;;? 
34;2.2.24;Local Policies;User Rights Assignment;Deny log on locally;Medium;;=;BUILTIN\Guests;;? 
35;2.2.25;Local Policies;User Rights Assignment;Deny log on through Remote Desktop Services (DC);Medium;;=;BUILTIN\Guests;;? 
36;2.2.26;Local Policies;User Rights Assignment;Deny log on through Remote Desktop Services (Member);Medium;;=;"BUILTIN\Guests;NT AUTHORITY\Local account";;? 
37;2.2.27;Local Policies;User Rights Assignment;Enable computer and user accounts to be trusted for delegation (DC);Medium;;=;BUILTIN\Administrators;BUILTIN\Administrators;? 
38;2.2.28;Local Policies;User Rights Assignment;Enable computer and user accounts to be trusted for delegation (Member);Passed;;=;;;? 
39;2.2.29;Local Policies;User Rights Assignment;Force shutdown from a remote system;Medium;VORDEFINIERT\Administratoren;=;"BUILTIN\Administrators;BUILTIN\Server Operators";BUILTIN\Administrators;? 
40;2.2.30;Local Policies;User Rights Assignment;Generate security audits;Passed;"NT-AUTORITÄT\Lokaler Dienst;NT-AUTORITÄT\Netzwerkdienst";=;"NT AUTHORITY\NETWORK SERVICE;NT AUTHORITY\LOCAL SERVICE";"NT AUTHORITY\NETWORK SERVICE;NT AUTHORITY\LOCAL SERVICE";? 
41;2.2.31;Local Policies;User Rights Assignment;Impersonate a client after authentication (DC);Passed;"NT-AUTORITÄT\Lokaler Dienst;NT-AUTORITÄT\Netzwerkdienst;VORDEFINIERT\Administratoren;NT-AUTORITÄT\DIENST";=;"NT AUTHORITY\SERVICE;BUILTIN\Administrators;NT AUTHORITY\NETWORK SERVICE;NT AUTHORITY\LOCAL SERVICE";"NT AUTHORITY\SERVICE;BUILTIN\Administrators;NT AUTHORITY\NETWORK SERVICE;NT AUTHORITY\LOCAL SERVICE";? 
42;2.2.32;Local Policies;User Rights Assignment;Impersonate a client after authentication (Member);Passed;"NT-AUTORITÄT\Lokaler Dienst;NT-AUTORITÄT\Netzwerkdienst;VORDEFINIERT\Administratoren;NT-AUTORITÄT\DIENST";=;"NT AUTHORITY\SERVICE;BUILTIN\Administrators;NT AUTHORITY\NETWORK SERVICE;NT AUTHORITY\LOCAL SERVICE";"NT AUTHORITY\SERVICE;BUILTIN\Administrators;NT AUTHORITY\NETWORK SERVICE;NT AUTHORITY\LOCAL SERVICE";? 
43;2.2.33;Local Policies;User Rights Assignment;Increase scheduling priority;Medium;VORDEFINIERT\Administratoren;=;"Window Manager\Window Manager Group;BUILTIN\Administrators";"Window Manager\Window Manager Group;BUILTIN\Administrators";? 
44;2.2.34;Local Policies;User Rights Assignment;Load and unload device drivers;Passed;VORDEFINIERT\Administratoren;=;BUILTIN\Administrators;"BUILTIN\Administrators;BUILTIN\Print Operators";? 
45;2.2.35;Local Policies;User Rights Assignment;Lock pages in memory;Passed;;=;;;? 
46;2.2.36;Local Policies;User Rights Assignment;Log on as a batch job (DC);Medium;"VORDEFINIERT\Administratoren;VORDEFINIERT\Sicherungs-Operatoren;VORDEFINIERT\Leistungsprotokollbenutzer";=;BUILTIN\Administrators;"BUILTIN\Backup Operators;BUILTIN\Administrators";? 
47;2.2.37.1;Local Policies;User Rights Assignment;Manage auditing and security log (DC);Passed;VORDEFINIERT\Administratoren;=;BUILTIN\Administrators;BUILTIN\Administrators;? 
48;2.2.37.2;Local Policies;User Rights Assignment;Manage auditing and security log (DC and Exchange);Medium;VORDEFINIERT\Administratoren;=;"NT AUTHORITY\EXCHANGE SERVERS;BUILTIN\Administrators";BUILTIN\Administrators;? 
49;2.2.38;Local Policies;User Rights Assignment;Manage auditing and security log (Member);Passed;VORDEFINIERT\Administratoren;=;BUILTIN\Administrators;BUILTIN\Administrators;? 
50;2.2.39;Local Policies;User Rights Assignment;Modify an object label;Passed;;=;;;? 
51;2.2.40;Local Policies;User Rights Assignment;Modify firmware environment values;Passed;VORDEFINIERT\Administratoren;=;BUILTIN\Administrators;BUILTIN\Administrators;? 
52;2.2.41;Local Policies;User Rights Assignment;Perform volume maintenance tasks;Passed;VORDEFINIERT\Administratoren;=;BUILTIN\Administrators;BUILTIN\Administrators;? 
53;2.2.42;Local Policies;User Rights Assignment;Profile single process;Passed;VORDEFINIERT\Administratoren;=;BUILTIN\Administrators;BUILTIN\Administrators;? 
54;2.2.43;Local Policies;User Rights Assignment;Profile system performance;Passed;"VORDEFINIERT\Administratoren;NT SERVICE\WdiServiceHost";=;"NT SERVICE\WdiServiceHost;BUILTIN\Administrators";"NT SERVICE\WdiServiceHost;BUILTIN\Administrators";? 
55;2.2.44;Local Policies;User Rights Assignment;Replace a process level token;Passed;"NT-AUTORITÄT\Lokaler Dienst;NT-AUTORITÄT\Netzwerkdienst";=;"NT AUTHORITY\NETWORK SERVICE;NT AUTHORITY\LOCAL SERVICE";"NT AUTHORITY\NETWORK SERVICE;NT AUTHORITY\LOCAL SERVICE";? 
56;2.2.45;Local Policies;User Rights Assignment;Restore files and directories;Medium;"VORDEFINIERT\Administratoren;VORDEFINIERT\Sicherungs-Operatoren";=;BUILTIN\Administrators;"BUILTIN\Backup Operators;BUILTIN\Administrators;BUILTIN\Server Operators";? 
57;2.2.46;Local Policies;User Rights Assignment;Shut down the system;Medium;"VORDEFINIERT\Administratoren;VORDEFINIERT\Sicherungs-Operatoren";=;BUILTIN\Administrators;"BUILTIN\Backup Operators;BUILTIN\Print Operators;BUILTIN\Administrators;BUILTIN\Server Operators";? 
58;2.2.47;Local Policies;User Rights Assignment;Synchronize directory service data (DC);Passed;;=;;;? 
59;2.2.48;Local Policies;User Rights Assignment;Take ownership of files or other objects;Passed;VORDEFINIERT\Administratoren;=;BUILTIN\Administrators;BUILTIN\Administrators;? 
60;2.3.1.1;Local Policies;Security Options: Accounts;Accounts: Administrator account status (Member);Medium;True;=;False;True;? 
61;2.3.1.2;Local Policies;Security Options: Accounts;Accounts: Block Microsoft accounts;Low;No value set - Default value: 0;=;3;0;? 
62;2.3.1.3;Local Policies;Security Options: Accounts;Accounts: Guest account status (Member);Passed;False;=;False;False;? 
63;2.3.1.4;Local Policies;Security Options: Accounts;Accounts: Limit local account use of blank passwords to console logon only;Passed;1;=;1;1;? 
64;2.3.1.5;Local Policies;Security Options: Accounts;Accounts: Rename administrator account;Low;Administrator;!=;Administrator;Administrator;? 
65;2.3.1.6;Local Policies;Security Options: Accounts;Accounts: Rename guest account;Passed;Gast;!=;Guest;Guest;? 
66;2.3.2.1;Local Policies;Security Options: Audit;Audit: Force audit policy subcategory settings to override audit policy category settings;Low;No value set - Default value: ;=;1;;? 
67;2.3.2.2;Local Policies;Security Options: Audit;Audit: Shut down system immediately if unable to log security audits;Passed;0;=;0;0;? 
68;2.3.4.1;Local Policies;Security Options: Devices;Devices: Allowed to format and eject removable media;Medium;No value set - Default value: ;=;2;;? 
69;2.3.4.2;Local Policies;Security Options: Devices;Devices: Prevent users from installing printer drivers;Passed;1;=;1;0;? 
70;2.3.5.1;Local Policies;Security Options: Domain controller;Domain controller: Allow server operators to schedule tasks (DC);Passed;No value set - Default value: 0;=;0;0;? 
71;2.3.5.2;Local Policies;Security Options: Domain controller;Domain controller: LDAP server signing requirements;Medium;No value set - Default value: ;=;2;;? 
72;2.3.5.3;Local Policies;Security Options: Domain controller;Domain controller: Refuse machine account password changes (DC);Passed;No value set - Default value: 0;=;0;0;? 
73;2.3.6.1;Local Policies;Security Options: Domain member;Domain member: Digitally encrypt or sign secure channel data (always);Passed;1;=;1;1;? 
74;2.3.6.2;Local Policies;Security Options: Domain member;Domain member: Digitally encrypt secure channel data (when possible);Passed;1;=;1;1;? 
75;2.3.6.3;Local Policies;Security Options: Domain member;Domain member: Digitally sign secure channel data (when possible);Passed;1;=;1;1;? 
76;2.3.6.4;Local Policies;Security Options: Domain member;Domain member: Disable machine account password changes;Passed;0;=;0;0;? 
77;2.3.6.5;Local Policies;Security Options: Domain member;Domain member: Maximum machine account password age;Passed;30;<=!0;30;30;? 
78;2.3.6.6;Local Policies;Security Options: Domain member;Domain member: Require strong (Windows 2000 or later) session key;Passed;1;=;1;1;? 
79;2.3.7.1;Local Policies;Security Options: Interactive logon;Interactive logon: Do not require CTRL+ALT+DEL;Passed;0;=;0;1;? 
80;2.3.7.2;Local Policies;Security Options: Interactive logon;Interactive logon: Don't display last signed-in;Passed;0;=;0;1;? 
81;2.3.7.3;Local Policies;Security Options: Interactive logon;Interactive logon: Machine inactivity limit;Medium;No value set - Default value: 0;<=!0;900;0;? 
82;2.3.7.4;Local Policies;Security Options: Interactive logon;Interactive logon: Message text for users attempting to log on;Low; ;!=;;;? 
83;2.3.7.5;Local Policies;Security Options: Interactive logon;Interactive logon: Message title for users attempting to log on;Low;;!=;;;? 
84;2.3.7.6;Local Policies;Security Options: Interactive logon;Interactive logon: Number of previous logons to cache (in case domain controller is not available);Medium;10;<=;4;10;? 
85;2.3.7.7.1;Local Policies;Security Options: Interactive logon;Interactive logon: Prompt user to change password before expiration (Max);Passed;No value set - Default value: 5;<=;14;5;? 
86;2.3.7.7.2;Local Policies;Security Options: Interactive logon;Interactive logon: Prompt user to change password before expiration (Min);Passed;No value set - Default value: 5;>=;5;5;? 
87;2.3.7.8;Local Policies;Security Options: Interactive logon;Interactive logon: Require Domain Controller Authentication to unlock workstation (Member);Medium;0;=;1;0;? 
88;2.3.7.9;Local Policies;Security Options: Interactive logon;Interactive logon: Smart card removal behavior;Medium;0;=;1;0;? 
89;2.3.8.1;Local Policies;Security Options: Microsoft network client;Microsoft network client: Digitally sign communications (always);Medium;0;=;1;0;? 
90;2.3.8.2;Local Policies;Security Options: Microsoft network client;Microsoft network client: Digitally sign communications (if server agrees);Passed;1;=;1;1;? 
91;2.3.8.3;Local Policies;Security Options: Microsoft network client;Microsoft network client: Send unencrypted password to third-party SMB servers;Passed;0;=;0;0;? 
92;2.3.9.1;Local Policies;Security Options: Microsoft network server;Microsoft network server: Amount of idle time required before suspending session;Passed;15;<=;15;15;? 
93;2.3.9.2;Local Policies;Security Options: Microsoft network server;Microsoft network server: Digitally sign communications (always);Medium;0;=;1;1;? 
94;2.3.9.3;Local Policies;Security Options: Microsoft network server;Microsoft network server: Digitally sign communications (if client agrees);Medium;0;=;1;1;? 
95;2.3.9.4;Local Policies;Security Options: Microsoft network server;Microsoft network server: Disconnect clients when logon hours expire;Passed;1;=;1;1;? 
96;2.3.9.5;Local Policies;Security Options: Microsoft network server;Microsoft network server: Server SPN target name validation level (Member);Medium;No value set - Default value: ;>=;1;;? 
97;2.3.10.1;Local Policies;Security Options: Network access;Network access: Allow anonymous SID/Name translation;Passed;0;=;0;0;? 
98;2.3.10.2;Local Policies;Security Options: Network access;Network access: Do not allow anonymous enumeration of SAM accounts (Member);Passed;1;=;1;1;? 
99;2.3.10.3;Local Policies;Security Options: Network access;Network access: Do not allow anonymous enumeration of SAM accounts and shares (Member);Medium;0;=;1;0;? 
100;2.3.10.4;Local Policies;Security Options: Network access;Network access: Do not allow storage of passwords and credentials for network authentication;Medium;0;=;1;0;? 
101;2.3.10.5;Local Policies;Security Options: Network access;Network access: Let Everyone permissions apply to anonymous users;Passed;0;=;0;0;? 
102;2.3.10.6;Local Policies;Security Options: Network access;Network access: Named Pipes that can be accessed anonymously (DC);Medium;;=;netlogon samr lsarpc;;? 
103;2.3.10.7;Local Policies;Security Options: Network access;Network access: Named Pipes that can be accessed anonymously (Member);Passed;;=;;;? 
104;2.3.10.8;Local Policies;Security Options: Network access;Network access: Remotely accessible registry paths;Passed;System\CurrentControlSet\Control\ProductOptions System\CurrentControlSet\Control\Server Applications Software\Microsoft\Windows NT\CurrentVersion;=;System\CurrentControlSet\Control\ProductOptions System\CurrentControlSet\Control\Server Applications Software\Microsoft\Windows NT\CurrentVersion;System\CurrentControlSet\Control\ProductOptions System\CurrentControlSet\Control\Server Applications Software\Microsoft\Windows NT\CurrentVersion;? 
105;2.3.10.9;Local Policies;Security Options: Network access;Network access: Remotely accessible registry paths and sub-paths;Passed;System\CurrentControlSet\Control\Print\Printers System\CurrentControlSet\Services\Eventlog Software\Microsoft\OLAP Server Software\Microsoft\Windows NT\CurrentVersion\Print Software\Microsoft\Windows NT\CurrentVersion\Windows System\CurrentControlSet\Control\ContentIndex System\CurrentControlSet\Control\Terminal Server System\CurrentControlSet\Control\Terminal Server\UserConfig System\CurrentControlSet\Control\Terminal Server\DefaultUserConfiguration Software\Microsoft\Windows NT\CurrentVersion\Perflib System\CurrentControlSet\Services\SysmonLog;=;System\CurrentControlSet\Control\Print\Printers System\CurrentControlSet\Services\Eventlog Software\Microsoft\OLAP Server Software\Microsoft\Windows NT\CurrentVersion\Print Software\Microsoft\Windows NT\CurrentVersion\Windows System\CurrentControlSet\Control\ContentIndex System\CurrentControlSet\Control\Terminal Server System\CurrentControlSet\Control\Terminal Server\UserConfig System\CurrentControlSet\Control\Terminal Server\DefaultUserConfiguration Software\Microsoft\Windows NT\CurrentVersion\Perflib System\CurrentControlSet\Services\SysmonLog;System\CurrentControlSet\Control\Print\Printers System\CurrentControlSet\Services\Eventlog Software\Microsoft\OLAP Server Software\Microsoft\Windows NT\CurrentVersion\Print Software\Microsoft\Windows NT\CurrentVersion\Windows System\CurrentControlSet\Control\ContentIndex System\CurrentControlSet\Control\Terminal Server System\CurrentControlSet\Control\Terminal Server\UserConfig System\CurrentControlSet\Control\Terminal Server\DefaultUserConfiguration Software\Microsoft\Windows NT\CurrentVersion\Perflib System\CurrentControlSet\Services\SysmonLog;? 
106;2.3.10.10;Local Policies;Security Options: Network access;Network access: Restrict anonymous access to Named Pipes and Shares;Passed;1;=;1;1;? 
107;2.3.10.11;Local Policies;Security Options: Network access;Network access: Restrict clients allowed to make remote calls to SAM (Member);Passed;"No value set - Default value: O:BAG:BAD:(A;;RC;;;BA)";=;"O:BAG:BAD:(A;;RC;;;BA)";"O:BAG:BAD:(A;;RC;;;BA)";? 
108;2.3.10.12;Local Policies;Security Options: Network access;Network access: Shares that can be accessed anonymously;Passed;No value set - Default value: ;=;;;? 
109;2.3.10.13;Local Policies;Security Options: Network access;Network access: Sharing and security model for local accounts;Passed;0;=;0;0;? 
110;2.3.11.1;Local Policies;Security Options: Network security;Network security: Allow Local System to use computer identity for NTLM;Medium;No value set - Default value: 0;=;1;0;? 
111;2.3.11.2;Local Policies;Security Options: Network security;Network security: Allow LocalSystem NULL session fallback;Passed;No value set - Default value: 0;=;0;0;? 
112;2.3.11.3;Local Policies;Security Options: Network security;Network security: Allow PKU2U authentication requests to this computer to use online identities;Medium;No value set - Default value: ;=;0;;? 
113;2.3.11.4;Local Policies;Security Options: Network security;Network security: Configure encryption types allowed for Kerberos;Passed;No value set - Default value: 2147483640;<=;2147483640;2147483640;? 
114;2.3.11.5;Local Policies;Security Options: Network security;Network security: Do not store LAN Manager hash value on next password change;Passed;1;=;1;1;? 
115;2.3.11.6;Local Policies;Security Options: Network security;Network security: Force logoff when logon hours expires;Low;0;=;1;1;? 
116;2.3.11.7;Local Policies;Security Options: Network security;Network security: LAN Manager authentication level;Medium;No value set - Default value: 3;=;5;3;? 
117;2.3.11.8;Local Policies;Security Options: Network security;Network security: LDAP client signing requirements;Passed;1;>=;1;1;? 
118;2.3.11.9;Local Policies;Security Options: Network security;Network security: Minimum session security for NTLM SSP based (including secure RPC) clients;Medium;536870912;=;537395200;536870912;? 
119;2.3.11.10;Local Policies;Security Options: Network security;Network security: Minimum session security for NTLM SSP based (including secure RPC) servers;Medium;536870912;=;537395200;536870912;? 
120;2.3.13.1;Local Policies;Security Options: Shutdown;Shutdown: Allow system to be shut down without having to log on;Passed;0;=;0;0;? 
121;2.3.15.1;Local Policies;Security Options: System objects;System objects: Require case insensitivity for non-Windows subsystem;Passed;1;=;1;1;? 
122;2.3.15.2;Local Policies;Security Options: System objects;System objects: Strengthen default permissions of internal system objects (e.g. Symbolic Links);Passed;1;=;1;1;? 
123;2.3.17.1;Local Policies;Security Options: User Account Control;User Account Control: Admin Approval Mode for the Built-in Administrator account;Medium;0;=;1;0;? 
124;2.3.17.2;Local Policies;Security Options: User Account Control;User Account Control: Behavior of the elevation prompt for administrators in Admin Approval Mode;Medium;5;=;2;5;? 
125;2.3.17.3;Local Policies;Security Options: User Account Control;User Account Control: Behavior of the elevation prompt for standard users;Medium;3;=;0;0;? 
126;2.3.17.4;Local Policies;Security Options: User Account Control;User Account Control: Detect application installations and prompt for elevation;Passed;1;=;1;0;? 
127;2.3.17.5;Local Policies;Security Options: User Account Control;User Account Control: Only elevate UIAccess applications that are installed in secure locations;Passed;1;=;1;1;? 
128;2.3.17.6;Local Policies;Security Options: User Account Control;User Account Control: Run all administrators in Admin Approval Mode;Passed;1;=;1;1;? 
129;2.3.17.7;Local Policies;Security Options: User Account Control;User Account Control: Switch to the secure desktop when prompting for elevation;Passed;1;=;1;1;? 
130;2.3.17.8;Local Policies;Security Options: User Account Control;User Account Control: Virtualize file and registry write failures to per-user locations;Passed;1;=;1;1;? 
131;9.1.1;Windows Firewall With Advanced Security;Domain Profile;EnableFirewall (Domain Profile, Policy);Passed;No value set - Default value: 1;=;1;1;? 
132;9.1.2;Windows Firewall With Advanced Security;Domain Profile;Inbound Connections (Domain Profile, Policy);Passed;No value set - Default value: 1;=;1;1;? 
133;9.1.3;Windows Firewall With Advanced Security;Domain Profile;Outbound Connections (Domain Profile, Policy);Passed;No value set - Default value: 0;=;0;0;? 
134;9.1.4;Windows Firewall With Advanced Security;Domain Profile;Display a notification (Domain Profile, Policy);Low;No value set - Default value: 0;=;1;0;? 
135;9.1.5;Windows Firewall With Advanced Security;Domain Profile;Name of log file (Domain Profile, Policy);Low;No value set - Default value: %SystemRoot%\System32\logfiles\firewall\pfirewall.log;=;%SystemRoot%\System32\logfiles\firewall\domainfw.log;%SystemRoot%\System32\logfiles\firewall\pfirewall.log;? 
136;9.1.6;Windows Firewall With Advanced Security;Domain Profile;Log size limit (Domain Profile, Policy);Medium;No value set - Default value: 4096;>=;16384;4096;? 
137;9.1.7;Windows Firewall With Advanced Security;Domain Profile;Log dropped packets (Domain Profile, Policy);Medium;No value set - Default value: 0;=;1;0;? 
138;9.1.8;Windows Firewall With Advanced Security;Domain Profile;Log successful connections (Domain Profile, Policy);Low;No value set - Default value: 0;=;1;0;? 
139;9.2.1;Windows Firewall With Advanced Security;Private Profile;EnableFirewall (Private Profile, Policy);Passed;No value set - Default value: 1;=;1;1;? 
140;9.2.2;Windows Firewall With Advanced Security;Private Profile;Inbound Connections (Private Profile, Policy);Passed;No value set - Default value: 1;=;1;1;? 
141;9.2.3;Windows Firewall With Advanced Security;Private Profile;Outbound Connections (Private Profile, Policy);Passed;No value set - Default value: 0;=;0;0;? 
142;9.2.4;Windows Firewall With Advanced Security;Private Profile;Display a notification (Private Profile, Policy);Low;No value set - Default value: 0;=;1;0;? 
143;9.2.5;Windows Firewall With Advanced Security;Private Profile;Name of log file (Private Profile, Policy);Low;No value set - Default value: %SystemRoot%\System32\logfiles\firewall\pfirewall.log;=;%SystemRoot%\System32\logfiles\firewall\privatefw.log;%SystemRoot%\System32\logfiles\firewall\pfirewall.log;? 
144;9.2.6;Windows Firewall With Advanced Security;Private Profile;Log size limit (Private Profile, Policy);Medium;No value set - Default value: 4096;>=;16384;4096;? 
145;9.2.7;Windows Firewall With Advanced Security;Private Profile;Log dropped packets (Private Profile, Policy);Medium;No value set - Default value: 0;=;1;0;? 
146;9.2.8;Windows Firewall With Advanced Security;Private Profile;Log successful connections (Private Profile, Policy);Low;No value set - Default value: 0;=;1;0;? 
147;9.3.1;Windows Firewall With Advanced Security;Public Profile;EnableFirewall (Public Profile, Policy);Medium;No value set - Default value: 0;=;1;0;? 
148;9.3.2;Windows Firewall With Advanced Security;Public Profile;Inbound Connections (Public Profile, Policy);Passed;No value set - Default value: 1;=;1;1;? 
149;9.3.3;Windows Firewall With Advanced Security;Public Profile;Outbound Connections (Public Profile, Policy);Passed;No value set - Default value: 0;=;0;0;? 
150;9.3.4;Windows Firewall With Advanced Security;Public Profile;Display a notification (Public Profile, Policy);Low;No value set - Default value: 0;=;1;0;? 
151;9.3.5;Windows Firewall With Advanced Security;Public Profile;Apply local firewall rules (Public Profile, Policy);Passed;No value set - Default value: 0;=;0;0;? 
152;9.3.6;Windows Firewall With Advanced Security;Public Profile;Apply local connection security rules (Public Profile, Policy);Passed;No value set - Default value: 0;=;0;0;? 
153;9.3.7;Windows Firewall With Advanced Security;Public Profile;Name of log file (Public Profile, Policy);Low;No value set - Default value: %SystemRoot%\System32\logfiles\firewall\pfirewall.log;=;%SystemRoot%\System32\logfiles\firewall\publicfw.log;%SystemRoot%\System32\logfiles\firewall\pfirewall.log;? 
154;9.3.8;Windows Firewall With Advanced Security;Public Profile;Log size limit (Public Profile, Policy);Medium;No value set - Default value: 4096;>=;16384;4096;? 
155;9.3.9;Windows Firewall With Advanced Security;Public Profile;Log dropped packets (Public Profile, Policy);Medium;No value set - Default value: 0;=;1;0;? 
156;9.3.10;Windows Firewall With Advanced Security;Public Profile;Log successful connections (Public Profile, Policy);Low;No value set - Default value: 0;=;1;0;? 
157;17.1.1;Advanced Audit Policy Configuration;Account Logon;Credential Validation;Low;30;=;Success and Failure;Success;? 
158;17.1.2;Advanced Audit Policy Configuration;Account Logon;Kerberos Authentication Service;Low;Erfolg;=;Success and Failure;Success;? 
159;17.1.3;Advanced Audit Policy Configuration;Account Logon;Kerberos Service Ticket Operations;Low;Erfolg;=;Success and Failure;Success;? 
160;17.2.1;Advanced Audit Policy Configuration;Account Management;Application Group Management;Low;Keine ;=;Success and Failure;No Auditing;? 
161;17.2.2;Advanced Audit Policy Configuration;Account Management;Computer Account Management;Low;Erfolg;contains;Success;Success;? 
162;17.2.3;Advanced Audit Policy Configuration;Account Management;Distribution Group Management;Low;Keine ;contains;Success;No Auditing;? 
163;17.2.4;Advanced Audit Policy Configuration;Account Management;Other Account Management Events;Low;Keine ;contains;Success;No Auditing;? 
164;17.2.5;Advanced Audit Policy Configuration;Account Management;Security Group Management;Low;Erfolg;contains;Success;Success;? 
165;17.2.6;Advanced Audit Policy Configuration;Account Management;User Account Management;Low;Erfolg;=;Success and Failure;Success;? 
166;17.3.1;Advanced Audit Policy Configuration;Detailed Tracking;Plug and Play Events;Low;Keine ;contains;Success;No Auditing;? 
167;17.3.2;Advanced Audit Policy Configuration;Detailed Tracking;Process Creation;Low;Keine ;contains;Success;No Auditing;? 
168;17.4.1;Advanced Audit Policy Configuration;DS Access;Directory Service Access;Low;Erfolg;contains;Failure;Success;? 
169;17.4.2;Advanced Audit Policy Configuration;DS Access;Directory Service Changes;Low;Keine ;contains;Success;No Auditing;? 
170;17.5.1;Advanced Audit Policy Configuration;Logon/Logoff;Account Lockout;Low;Erfolg;contains;Failure;Success;? 
171;17.5.2;Advanced Audit Policy Configuration;Logon/Logoff;Group Membership;Low;Keine ;contains;Success;No Auditing;? 
172;17.5.3;Advanced Audit Policy Configuration;Logon/Logoff;Logoff;Low;Erfolg;contains;Success;Success;? 
173;17.5.4;Advanced Audit Policy Configuration;Logon/Logoff;Logon;Low;Erfolg und Fehler;=;Success and Failure;Success and Failure;? 
174;17.5.5;Advanced Audit Policy Configuration;Logon/Logoff;Other Logon/Logoff Events;Low;Keine ;=;Success and Failure;No Auditing;? 
175;17.5.6;Advanced Audit Policy Configuration;Logon/Logoff;Special Logon;Low;Erfolg;contains;Success;Success;? 
176;17.6.1;Advanced Audit Policy Configuration;Object Access;Detailed File Share;Low;Keine ;contains;Failure;No Auditing;? 
177;17.6.2;Advanced Audit Policy Configuration;Object Access;File Share;Low;Keine ;=;Success and Failure;No Auditing;? 
178;17.6.3;Advanced Audit Policy Configuration;Object Access;Other Object Access Events;Low;Keine ;=;Success and Failure;No Auditing;? 
179;17.6.4;Advanced Audit Policy Configuration;Object Access;Removable Storage;Low;Keine ;=;Success and Failure;No Auditing;? 
180;17.7.1;Advanced Audit Policy Configuration;Policy Change;Audit Policy Change;Low;Erfolg;contains;Success;Success;? 
181;17.7.2;Advanced Audit Policy Configuration;Policy Change;Authentication Policy Change;Low;Erfolg;contains;Success;Success;? 
182;17.7.3;Advanced Audit Policy Configuration;Policy Change;Authorization Policy Change;Low;Keine ;contains;Success;Success;? 
183;17.7.4;Advanced Audit Policy Configuration;Policy Change;MPSSVC Rule-Level Policy Change;Low;Keine ;=;Success and Failure;No Auditing;? 
184;17.7.5;Advanced Audit Policy Configuration;Policy Change;Other Policy Change Events;Low;Keine ;contains;Failure;No Auditing;? 
185;17.8.1;Advanced Audit Policy Configuration;Privilege Use;Sensitive Privilege Use;Low;Keine ;=;Success and Failure;No Auditing;? 
186;17.9.1;Advanced Audit Policy Configuration;System;IPsec Driver;Low;Keine ;=;Success and Failure;No Auditing;? 
187;17.9.2;Advanced Audit Policy Configuration;System;Other System Events;Low;Erfolg und Fehler;=;Success and Failure;Success and Failure;? 
188;17.9.3;Advanced Audit Policy Configuration;System;Security State Change;Low;Erfolg;contains;Success;Success;? 
189;17.9.4;Advanced Audit Policy Configuration;System;Security System Extension;Low;Keine ;contains;Success;No Auditing;? 
190;17.9.5;Advanced Audit Policy Configuration;System;System Integrity;Low;Erfolg und Fehler;=;Success and Failure;Success and Failure;? 
191;18.1.1.1;Administrative Templates (Computer);Control Panel: Personalization;Personalization: Prevent enabling lock screen camera;Low;No value set - Default value: 0;=;1;0;? 
192;18.1.1.2;Administrative Templates (Computer);Control Panel: Personalization;Personalization: Prevent enabling lock screen slide;Low;No value set - Default value: 0;=;1;0;? 
193;18.1.2.2;Administrative Templates (Computer);Control Panel: Regional and Language Options;Regional and Language Options: Allow users to enable online speech recognition services;Medium;No value set - Default value: 1;=;0;1;? 
194;18.1.3;Administrative Templates (Computer);Control Panel:;Allow Online Tips;Medium;No value set - Default value: 1;=;0;1;? 
195;18.2.1;Administrative Templates (Computer);LAPS;LAPS AdmPwd GPO Extension / CSE (Member);Medium;No value set - Default value: ;=;C:\Program Files\LAPS\CSE\AdmPwd.dll;;? 
196;18.2.2;Administrative Templates (Computer);LAPS;Do not allow password expiration time longer than required by policy (Member);Medium;No value set - Default value: 0;=;1;0;? 
197;18.2.3;Administrative Templates (Computer);LAPS;Enable local admin password management (Member);Medium;No value set - Default value: 0;=;1;0;? 
198;18.2.4;Administrative Templates (Computer);LAPS;Password Settings: Password Complexity (Member);Passed;No value set - Default value: 4;=;4;4;? 
199;18.2.5;Administrative Templates (Computer);LAPS;Password Settings: Password Length (Member);Medium;No value set - Default value: 14;>=;15;14;? 
200;18.2.6;Administrative Templates (Computer);LAPS;Password Settings: Password Age (Days) (Member);Passed;No value set - Default value: 30;<=;30;30;? 
201;18.3.1;Administrative Templates (Computer);MSS (Legacy);Apply UAC restrictions to local accounts on network logons (Member);Passed;No value set - Default value: 1;=;1;1;? 
202;18.3.2;Administrative Templates (Computer);MSS (Legacy);Configure SMB v1 client driver;Medium;2;=;4;4;? 
203;18.3.3;Administrative Templates (Computer);MSS (Legacy);Configure SMB v1 server;Passed;No value set - Default value: 0;=;0;0;? 
204;18.3.4;Administrative Templates (Computer);MSS (Legacy);Enable Structured Exception Handling Overwrite Protection (SEHOP);Medium;0;=;1;0;? 
205;18.3.6;Administrative Templates (Computer);MSS (Legacy);NetBT NodeType configuration;Medium;No value set - Default value: 0;=;2;0;? 
206;18.3.7;Administrative Templates (Computer);MSS (Legacy);WDigest Authentication;Passed;No value set - Default value: 0;=;0;0;? 
207;18.4.1;Administrative Templates (Computer);MSS (Legacy);MSS: (AutoAdminLogon) Enable Automatic Logon (not recommended);Passed;No value set - Default value: 0;=;0;0;? 
208;18.4.2;Administrative Templates (Computer);MSS (Legacy);MSS: (DisableIPSourceRouting IPv6) IP source routing protection level (protects against packet spoofing);Medium;No value set - Default value: 0;=;2;0;? 
209;18.4.3;Administrative Templates (Computer);MSS (Legacy);MSS: (DisableIPSourceRouting) IP source routing protection level (protects against packet spoofing);Medium;No value set - Default value: 1;=;2;1;? 
210;18.4.4;Administrative Templates (Computer);MSS (Legacy);MSS: (EnableICMPRedirect) Allow ICMP redirects to override OSPF generated routes;Medium;No value set - Default value: 1;=;0;1;? 
211;18.4.5;Administrative Templates (Computer);MSS (Legacy);MSS: (KeepAliveTime) How often keep-alive packets are sent in milliseconds;Medium;No value set - Default value: 7200000;<=;300000;7200000;? 
212;18.4.6;Administrative Templates (Computer);MSS (Legacy);MSS: (NoNameReleaseOnDemand) Allow the computer to ignore NetBIOS name release requests except from WINS servers;Passed;No value set - Default value: 1;=;1;1;? 
213;18.4.7;Administrative Templates (Computer);MSS (Legacy);MSS: (PerformRouterDiscovery) Allow IRDP to detect and configure Default Gateway addresses (could lead to DoS);Medium;No value set - Default value: 1;=;0;1;? 
214;18.4.8;Administrative Templates (Computer);MSS (Legacy);MSS: (SafeDllSearchMode) Enable Safe DLL search mode (recommended);Passed;No value set - Default value: 1;=;1;1;? 
215;18.4.9;Administrative Templates (Computer);MSS (Legacy);MSS: (ScreenSaverGracePeriod) The time in seconds before the screen saver grace period expires (0 recommended);Passed;No value set - Default value: 5;<=;5;5;? 
216;18.4.10;Administrative Templates (Computer);MSS (Legacy);MSS: (TcpMaxDataRetransmissions IPv6) How many times unacknowledged data is retransmitted;Medium;No value set - Default value: 5;<=;3;5;? 
217;18.4.11;Administrative Templates (Computer);MSS (Legacy);MSS: (TcpMaxDataRetransmissions) How many times unacknowledged data is retransmitted;Medium;No value set - Default value: 5;<=;3;5;? 
218;18.4.12;Administrative Templates (Computer);MSS (Legacy);MSS: (WarningLevel) Percentage threshold for the security event log at which the system will generate a warning;Passed;No value set - Default value: 0;<=;90;0;? 
219;18.5.4.1;Administrative Templates (Computer);Network: DNS Client;DNS Client: Turn off multicast name resolution (LLMNR);Medium;No value set - Default value: 0;=;1;0;? 
220;18.5.5.1;Administrative Templates (Computer);Network: Fonts;Fonts: Enable Font Providers;Medium;No value set - Default value: 1;=;0;1;? 
221;18.5.8.1;Administrative Templates (Computer);Network: Lanman Workstation;Lanman Workstation: Enable insecure guest logons;Medium;No value set - Default value: 1;=;0;1;? 
222;18.5.9.1.1;Administrative Templates (Computer);Network: Link-Layer Topology Discovery;Link-Layer Topology Discovery: Turn on Mapper I/O (LLTDIO) driver (AllowLLTDIOOndomain);Passed;No value set - Default value: 0;=;0;0;? 
223;18.5.9.1.2;Administrative Templates (Computer);Network: Link-Layer Topology Discovery;Link-Layer Topology Discovery: Turn on Mapper I/O (LLTDIO) driver (AllowLLTDIOOnPublicNet);Passed;No value set - Default value: 0;=;0;0;? 
224;18.5.9.1.3;Administrative Templates (Computer);Network: Link-Layer Topology Discovery;Link-Layer Topology Discovery: Turn on Mapper I/O (LLTDIO) driver (EnableLLTDIO);Passed;No value set - Default value: 0;=;0;0;? 
225;18.5.9.1.4;Administrative Templates (Computer);Network: Link-Layer Topology Discovery;Link-Layer Topology Discovery: Turn on Mapper I/O (LLTDIO) driver (ProhibitLLTDIOOnPrivateNet);Passed;No value set - Default value: 0;=;0;0;? 
226;18.5.9.2.1;Administrative Templates (Computer);Network: Link-Layer Topology Discovery;Turn on Responder (RSPNDR) driver (AllowRspndrOnDomain);Passed;No value set - Default value: 0;=;0;0;? 
227;18.5.9.2.2;Administrative Templates (Computer);Network: Link-Layer Topology Discovery;Turn on Responder (RSPNDR) driver (AllowRspndrOnPublicNet);Passed;No value set - Default value: 0;=;0;0;? 
228;18.5.9.2.3;Administrative Templates (Computer);Network: Link-Layer Topology Discovery;Turn on Responder (RSPNDR) driver (EnableRspndr);Passed;No value set - Default value: 0;=;0;0;? 
229;18.5.9.2.4;Administrative Templates (Computer);Network: Link-Layer Topology Discovery;Turn on Responder (RSPNDR) driver (ProhibitRspndrOnPrivateNet);Passed;No value set - Default value: 0;=;0;0;? 
230;18.5.10.2;Administrative Templates (Computer);Network: Microsoft Peer-to-Peer Networking Services;Turn off Microsoft Peer-to-Peer Networking Services;Medium;No value set - Default value: 0;=;1;0;? 
231;18.5.11.2;Administrative Templates (Computer);Network: Network Connections;Network Connections: Prohibit installation and configuration of Network Bridge on your DNS domain network;Medium;No value set - Default value: 0;=;1;0;? 
232;18.5.11.3;Administrative Templates (Computer);Network: Network Connections;Network Connections: Prohibit use of Internet Connection Sharing on your DNS domain network;Medium;No value set - Default value: 0;=;1;0;? 
233;18.5.11.4;Administrative Templates (Computer);Network: Network Connections;Network Connections: Require domain users to elevate when setting a network's location;Medium;No value set - Default value: 0;=;1;0;? 
234;18.5.14.1.1;Administrative Templates (Computer);Network: Network Provider;Network Provider: Hardened UNC Paths (NETLOGON);Medium;;=;RequireMutualAuthentication=1, RequireIntegrity=1;;? 
235;18.5.14.1.2;Administrative Templates (Computer);Network: Network Provider;Network Provider: Hardened UNC Paths (SYSVOL);Medium;;=;RequireMutualAuthentication=1, RequireIntegrity=1;;? 
236;18.5.19.2.1;Administrative Templates (Computer);Network: TCPIP Settings: Parameters;Disable IPv6;Medium;No value set - Default value: 0;=;255;0;? 
237;18.5.20.1.1;Administrative Templates (Computer);Network: Windows Connect Now;Windows Connect Now: Configuration of wireless settings using Windows Connect Now (EnableRegistrars);Medium;No value set - Default value: 1;=;0;1;? 
238;18.5.20.1.2;Administrative Templates (Computer);Network: Windows Connect Now;Windows Connect Now: Configuration of wireless settings using Windows Connect Now (DisableUPnPRegistrar);Medium;No value set - Default value: 1;=;0;1;? 
239;18.5.20.1.3;Administrative Templates (Computer);Network: Windows Connect Now;Windows Connect Now: Configuration of wireless settings using Windows Connect Now (DisableInBand802DOT11Registrar);Medium;No value set - Default value: 1;=;0;1;? 
240;18.5.20.1.4;Administrative Templates (Computer);Network: Windows Connect Now;Windows Connect Now: Configuration of wireless settings using Windows Connect Now (DisableFlashConfigRegistrar);Medium;No value set - Default value: 1;=;0;1;? 
241;18.5.20.1.5;Administrative Templates (Computer);Network: Windows Connect Now;Windows Connect Now: Configuration of wireless settings using Windows Connect Now (DisableWPDRegistrar);Medium;No value set - Default value: 1;=;0;1;? 
242;18.5.20.2;Administrative Templates (Computer);Network: Windows Connect Now;Windows Connect Now: Prohibit access of the Windows Connect Now wizards;Medium;No value set - Default value: 0;=;1;0;? 
243;18.5.21.1;Administrative Templates (Computer);Network: Windows Connection Manager;Windows Connection Manager: Minimize the number of simultaneous connections to the Internet or a Windows Domain;Passed;No value set - Default value: 1;=;1;1;? 
244;18.5.21.2;Administrative Templates (Computer);Network: Windows Connection Manager;Windows Connection Manager: Prohibit connection to non-domain networks when connected to domain authenticated network;Medium;No value set - Default value: 0;=;1;0;? 
245;18.7.1.1;Administrative Templates (Computer);Start Menu and Taskbar: Notifications;Notifications: Turn off notifications network usage;Medium;No value set - Default value: 0;=;1;0;? 
246;18.8.3.1;Administrative Templates (Computer);System: Audit Process Creation;Audit Process Creation: Include command line in process creation events;Passed;No value set - Default value: 0;=;0;0;? 
247;18.8.4.1;Administrative Templates (Computer);System: Credentials Delegation;Credentials Delegation: Encryption Oracle Remediation;Passed;No value set - Default value: 0;=;0;0;? 
248;18.8.4.2;Administrative Templates (Computer);System: Credentials Delegation;Credentials Delegation: Remote host allows delegation of non-exportable credentials;Medium;No value set - Default value: 0;=;1;0;? 
249;18.8.5.1;Administrative Templates (Computer);System: Device Guard;Device Guard: Turn On Virtualization Based Security (Policy);Medium;No value set - Default value: 0;=;1;0;? 
250;18.8.5.2;Administrative Templates (Computer);System: Device Guard;Device Guard: Select Platform Security Level (Policy);Medium;No value set - Default value: 0;=;3;0;? 
251;18.8.5.3;Administrative Templates (Computer);System: Device Guard;Device Guard: Virtualization Based Protection of Code Integrity (Policy);Medium;No value set - Default value: 0;=;1;0;? 
252;18.8.5.4;Administrative Templates (Computer);System: Device Guard;Device Guard: Require UEFI Memory Attributes Table (Policy);Medium;No value set - Default value: 0;=;1;0;? 
253;18.8.5.5;Administrative Templates (Computer);System: Device Guard;Device Guard: Credential Guard Configuration (Member);Medium;No value set - Default value: 0;=;1;0;? 
254;18.8.5.6;Administrative Templates (Computer);System: Device Guard;Device Guard: Credential Guard Configuration (DC);Medium;No value set - Default value: ;=;0;;? 
255;18.8.5.7;Administrative Templates (Computer);System: Device Guard;Device Guard: Secure Launch Configuration (Policy);Medium;No value set - Default value: 0;=;1;0;? 
256;18.8.14.1;Administrative Templates (Computer);System: File Classification Infrastructure;Early Launch Antimalware: Boot-Start Driver Initialization Policy;Medium;No value set - Default value: 0;=;3;0;? 
257;18.8.21.2;Administrative Templates (Computer);System: Logging and tracing;Group Policy: Do not apply during periodic background processing;Medium;No value set - Default value: 0;=;1;0;? 
258;18.8.21.3;Administrative Templates (Computer);System: Logging and tracing;Group Policy: Process even if the Group Policy objects have not changed;Medium;No value set - Default value: 1;=;0;1;? 
259;18.8.21.4;Administrative Templates (Computer);System: Logging and tracing;Group Policy: Continue experiences on this device;Medium;No value set - Default value: 1;=;0;1;? 
260;18.8.21.5;Administrative Templates (Computer);System: Logging and tracing;Group Policy: Turn off background refresh of Group Policy;Passed;No value set - Default value: 0;=;0;0;? 
261;18.8.22.1.1;Administrative Templates (Computer);System: Internet Communication Management: Internet Communication settings;Internet Communication Management: Internet Communication settings: Turn off downloading of print drivers over HTTP;Medium;No value set - Default value: 0;=;1;0;? 
262;18.8.22.1.2;Administrative Templates (Computer);System: Internet Communication Management: Internet Communication settings;Internet Communication Management: Internet Communication settings: Turn off handwriting personalization data sharing;Medium;No value set - Default value: 0;=;1;0;? 
263;18.8.22.1.3;Administrative Templates (Computer);System: Internet Communication Management: Internet Communication settings;Internet Communication Management: Internet Communication settings: Turn off handwriting recognition error reporting;Medium;No value set - Default value: 0;=;1;0;? 
264;18.8.22.1.4;Administrative Templates (Computer);System: Internet Communication Management: Internet Communication settings;Internet Communication Management: Internet Communication settings: Turn off Internet Connection Wizard if URL connection is referring to Microsoft.com;Medium;No value set - Default value: 0;=;1;0;? 
265;18.8.22.1.5;Administrative Templates (Computer);System: Internet Communication Management: Internet Communication settings;Internet Communication Management: Internet Communication settings: Turn off Internet download for Web publishing and online ordering wizards;Medium;No value set - Default value: 0;=;1;0;? 
266;18.8.22.1.6;Administrative Templates (Computer);System: Internet Communication Management: Internet Communication settings;Internet Communication Management: Internet Communication settings: Turn off printing over HTTP;Medium;No value set - Default value: 0;=;1;0;? 
267;18.8.22.1.7;Administrative Templates (Computer);System: Internet Communication Management: Internet Communication settings;Internet Communication Management: Internet Communication settings: Turn off Registration if URL connection is referring to Microsoft.com;Medium;No value set - Default value: 0;=;1;0;? 
268;18.8.22.1.8;Administrative Templates (Computer);System: Internet Communication Management: Internet Communication settings;Internet Communication Management: Internet Communication settings: Turn off Search Companion content file updates;Medium;No value set - Default value: 0;=;1;0;? 
269;18.8.22.1.9;Administrative Templates (Computer);System: Internet Communication Management: Internet Communication settings;Internet Communication Management: Internet Communication settings: Turn off the 'Order Prints' picture task;Medium;No value set - Default value: 0;=;1;0;? 
270;18.8.22.1.10;Administrative Templates (Computer);System: Internet Communication Management: Internet Communication settings;Internet Communication Management: Internet Communication settings: Turn off the 'Publish to Web' task for files and folders;Medium;No value set - Default value: 0;=;1;0;? 
271;18.8.22.1.11;Administrative Templates (Computer);System: Internet Communication Management: Internet Communication settings;Internet Communication Management: Internet Communication settings: Turn off the Windows Messenger Customer Experience Improvement Program;Medium;No value set - Default value: 0;=;2;0;? 
272;18.8.22.1.12;Administrative Templates (Computer);System: Internet Communication Management: Internet Communication settings;Internet Communication Management: Internet Communication settings: Turn off Windows Customer Experience Improvement Program;Passed;No value set - Default value: 1;=;1;1;? 
273;18.8.22.1.13.1;Administrative Templates (Computer);System: Internet Communication Management: Internet Communication settings;Internet Communication Management: Internet Communication settings: Turn off Windows Error Reporting 1;Medium;No value set - Default value: 1;=;0;1;? 
274;18.8.22.1.13.2;Administrative Templates (Computer);System: Internet Communication Management: Internet Communication settings;Internet Communication Management: Internet Communication settings: Turn off Windows Error Reporting 2;Medium;No value set - Default value: 0;=;1;0;? 
275;18.8.25.1.1;Administrative Templates (Computer);System: Kerberos;Kerberos: Support device authentication using certificate (DevicePKInitBehavior);Medium;No value set - Default value: 1;=;0;1;? 
276;18.8.25.1.2;Administrative Templates (Computer);System: Kerberos;Kerberos: Support device authentication using certificate (DevicePKInitEnabled);Passed;No value set - Default value: 1;=;1;1;? 
277;18.8.27.1;Administrative Templates (Computer);System: Locale Services;Locale Services: Disallow copying of user input methods to the system account for sign-in;Medium;No value set - Default value: 0;=;1;0;? 
278;18.8.28.1;Administrative Templates (Computer);System: Logon;Logon: Block user from showing account details on sign-in;Medium;No value set - Default value: 0;=;1;0;? 
279;18.8.28.2;Administrative Templates (Computer);System: Logon;Logon: Do not display network selection UI;Medium;No value set - Default value: 0;=;1;0;? 
280;18.8.28.3;Administrative Templates (Computer);System: Logon;Logon: Do not enumerate connected users on domain-joined computers;Medium;No value set - Default value: 0;=;1;0;? 
281;18.8.28.4;Administrative Templates (Computer);System: Logon;Logon: Enumerate local users on domain-joined computers (Member);Passed;No value set - Default value: 0;=;0;0;? 
282;18.8.28.5;Administrative Templates (Computer);System: Logon;Logon: Turn off app notifications on the lock screen;Medium;No value set - Default value: 0;=;1;0;? 
283;18.8.28.6;Administrative Templates (Computer);System: Logon;Logon: Turn off picture password sign-in;Medium;No value set - Default value: 0;=;1;0;? 
284;18.8.28.7;Administrative Templates (Computer);System: Logon;Logon: Turn on convenience PIN sign-in;Passed;No value set - Default value: 0;=;0;0;? 
285;18.8.31.1;Administrative Templates (Computer);System: OS Policies;OS Policies: Allow Clipboard synchronization across devices;Medium;No value set - Default value: 1;=;0;1;? 
286;18.8.31.2;Administrative Templates (Computer);System: OS Policies;OS Policies: Allow upload of User Activities;Medium;No value set - Default value: 1;=;0;1;? 
287;18.8.34.6.1;Administrative Templates (Computer);System: Power Management: Sleep Settings;Sleep Settings: Allow network connectivity during connected-standby (on battery);Medium;No value set - Default value: 1;=;0;1;? 
288;18.8.34.6.2;Administrative Templates (Computer);System: Power Management: Sleep Settings;Sleep Settings: Allow network connectivity during connected-standby (plugged in);Medium;No value set - Default value: 1;=;0;1;? 
289;18.8.34.6.3;Administrative Templates (Computer);System: Power Management: Sleep Settings;Sleep Settings: Require a password when a computer wakes (on battery);Medium;No value set - Default value: 0;=;1;0;? 
290;18.8.34.6.4;Administrative Templates (Computer);System: Power Management: Sleep Settings;Sleep Settings: Require a password when a computer wakes (plugged in);Medium;No value set - Default value: 0;=;1;0;? 
291;18.8.36.1;Administrative Templates (Computer);System: Remote Assistance;Remote Assistance: Configure Offer Remote Assistance;Passed;No value set - Default value: 0;=;0;0;? 
292;18.8.36.2;Administrative Templates (Computer);System: Remote Assistance;Remote Assistance: Configure Solicited Remote Assistance;Passed;No value set - Default value: 0;=;0;0;? 
293;18.8.37.1;Administrative Templates (Computer);System: Remote Procedure Call;Remote Procedure Call: Enable RPC Endpoint Mapper Client Authentication (Member);Medium;No value set - Default value: 0;=;1;0;? 
294;18.8.37.2;Administrative Templates (Computer);System: Remote Procedure Call;Remote Procedure Call: Restrict Unauthenticated RPC clients (Member);Medium;No value set - Default value: 0;=;1;0;? 
295;18.8.47.5.1;Administrative Templates (Computer);System: Troubleshooting and Diagnostics: Microsoft Support Diagnostic Tool;Troubleshooting and Diagnostics: Microsoft Support Diagnostic Tool: Turn on MSDT interactive communication with support provider;Medium;No value set - Default value: 1;=;0;1;? 
296;18.8.47.11.1;Administrative Templates (Computer);System: Troubleshooting and Diagnostics: Windows Performance PerfTrack;Windows Performance PerfTrack: Enable/Disable PerfTrack;Medium;No value set - Default value: 1;=;0;1;? 
297;18.8.49.1;Administrative Templates (Computer);System: Troubleshooting and Diagnostics: User Profiles;User Profiles: Turn of the advertising ID;Medium;No value set - Default value: 0;=;1;0;? 
298;18.8.52.1.1;Administrative Templates (Computer);System: Troubleshooting and Diagnostics: Windows Time Service;Time Providers: Enable Windows NTP Client;Medium;No value set - Default value: 0;=;1;0;? 
299;18.8.52.1.2;Administrative Templates (Computer);System: Troubleshooting and Diagnostics: Windows Time Service;Time Providers: Enable Windows NTP Server (Member);Passed;No value set - Default value: 0;=;0;0;? 
300;18.9.4.1;Administrative Templates (Computer);Windows Components: App Package Deployment;App Package Deployment: Allow a Windows app to share application data between users;Passed;No value set - Default value: 0;=;0;0;? 
301;18.9.6.1;Administrative Templates (Computer);Windows Components: App runtime;App runtime: Allow Microsoft accounts to be optional;Medium;No value set - Default value: 0;=;1;0;? 
302;18.9.8.1;Administrative Templates (Computer);Windows Components: AutoPlay Policies;AutoPlay Policies: Disallow Autoplay for non-volume devices;Medium;No value set - Default value: 0;=;1;0;? 
303;18.9.8.2;Administrative Templates (Computer);Windows Components: AutoPlay Policies;AutoPlay Policies: Set the default behavior for AutoRun;Medium;No value set - Default value: 0;=;1;0;? 
304;18.9.8.3;Administrative Templates (Computer);Windows Components: AutoPlay Policies;AutoPlay Policies: Turn off Autoplay;Medium;No value set - Default value: 0;=;255;0;? 
305;18.9.10.1.1;Administrative Templates (Computer);Windows Components: Biometrics: Facial Features;Biometrics: Facial Features: Configure enhanced anti-spoofing;Medium;No value set - Default value: ;=;1;;? 
306;18.9.12.1;Administrative Templates (Computer);Windows Components: Camera;Camera: Allow Use of Camera;Medium;No value set - Default value: 1;=;0;1;? 
307;18.9.13.1;Administrative Templates (Computer);Windows Components: Cloud Content;Cloud Content: Turn off cloud optimized content;Medium;No value set - Default value: 0;=;1;0;? 
308;18.9.13.2;Administrative Templates (Computer);Windows Components: Cloud Content;Cloud Content: Turn off Microsoft consumer experiences;Medium;No value set - Default value: 0;=;1;0;? 
309;18.9.14.1;Administrative Templates (Computer);Windows Components: Connect;Connect: Require pin for pairing;Medium;No value set - Default value: 0;>=;1;0;? 
310;18.9.15.1;Administrative Templates (Computer);Windows Components: Credential User Interface;Credential User Interface: Do not display the password reveal button;Medium;No value set - Default value: 0;=;1;0;? 
311;18.9.15.2;Administrative Templates (Computer);Windows Components: Credential User Interface;Credential User Interface: Enumerate administrator accounts on elevation;Passed;No value set - Default value: 0;=;0;0;? 
312;18.9.16.1;Administrative Templates (Computer);Windows Components: Data Collection and Preview Builds;Data Collection and Preview Builds: Allow Telemetry;Medium;No value set - Default value: 2;<=;1;2;? 
313;18.9.16.2;Administrative Templates (Computer);Windows Components: Data Collection and Preview Builds;Data Collection and Preview Builds: Configure Authenticated Proxy usage for the Connected User Experience and Telemetry service;Medium;No value set - Default value: 0;=;1;0;? 
314;18.9.16.3;Administrative Templates (Computer);Windows Components: Data Collection and Preview Builds;Data Collection and Preview Builds: Do not show feedback notifications;Medium;No value set - Default value: 0;=;1;0;? 
315;18.9.16.4;Administrative Templates (Computer);Windows Components: Data Collection and Preview Builds;Data Collection and Preview Builds: Toggle user control over Insider builds;Medium;No value set - Default value: 1;=;0;1;? 
316;18.9.26.1.1;Administrative Templates (Computer);Windows Components: Event Log Service: Application;Event Log Service: Application: Control Event Log behavior when the log file reaches its maximum size;Passed;No value set - Default value: 0;=;0;0;? 
317;18.9.26.1.2;Administrative Templates (Computer);Windows Components: Event Log Service: Application;Event Log Service: Specify the maximum Application log file size (KB);Medium;No value set - Default value: 4096;>=;32768;4096;? 
318;18.9.26.2.1;Administrative Templates (Computer);Windows Components: Event Log Service: Security;Event Log Service: Security: Control Event Log behavior when the log file reaches its maximum size;Medium;No value set - Default value: ;=;0;;? 
319;18.9.26.2.2;Administrative Templates (Computer);Windows Components: Event Log Service: Security;Event Log Service: Specify the maximum Security log file size (KB);Medium;No value set - Default value: 4096;>=;196608;4096;? 
320;18.9.26.3.1;Administrative Templates (Computer);Windows Components: Event Log Service: Setup;Event Log Service: Setup: Control Event Log behavior when the log file reaches its maximum size;Medium;No value set - Default value: ;=;0;;? 
321;18.9.26.3.2;Administrative Templates (Computer);Windows Components: Event Log Service: Setup;Event Log Service: Setup: Specify the maximum log file size (KB);Medium;No value set - Default value: 4096;>=;32768;4096;? 
322;18.9.26.4.1;Administrative Templates (Computer);Windows Components: Event Log Service: Setup;Event Log Service: System: Control Event Log behavior when the log file reaches its maximum size;Medium;No value set - Default value: ;=;0;;? 
323;18.9.26.4.2;Administrative Templates (Computer);Windows Components: Event Log Service: Setup;Event Log Service: Specify the maximum System log file size (KB);Medium;No value set - Default value: 4096;>=;32768;4096;? 
324;18.9.30.2;Administrative Templates (Computer);Windows Components: File Explorer (formerly Windows Explorer): ;File Explorer: Turn off Data Execution Prevention for Explorer;Passed;No value set - Default value: 0;=;0;0;? 
325;18.9.30.3;Administrative Templates (Computer);Windows Components: File Explorer (formerly Windows Explorer): ;File Explorer: Turn off heap termination on corruption;Passed;No value set - Default value: 0;=;0;0;? 
326;18.9.30.4;Administrative Templates (Computer);Windows Components: File Explorer (formerly Windows Explorer): ;File Explorer: Turn off shell protocol protected mode;Passed;No value set - Default value: 0;=;0;0;? 
327;18.9.39.1;Administrative Templates (Computer);Windows Components: Location and Sensors;Location and Sensors: Turn off location;Medium;No value set - Default value: 0;=;1;0;? 
328;18.9.43.1;Administrative Templates (Computer);Windows Components: Messaging;Messaging: Allow Message Service Cloud Sync;Medium;No value set - Default value: 1;=;0;1;? 
329;18.9.44.1;Administrative Templates (Computer);Windows Components: Microsoft account;Microsoft account: Block all consumer Microsoft account user authentication;Medium;No value set - Default value: 0;=;1;0;? 
330;18.9.52.1;Administrative Templates (Computer);Windows Components: NetMeeting;OneDrive: Prevent the usage of OneDrive for file storage;Medium;No value set - Default value: 0;=;1;0;? 
331;18.9.59.2.2;Administrative Templates (Computer);Windows Components: Password Synchronization;Remote Desktop Connection Client: Do not allow passwords to be saved;Medium;No value set - Default value: 0;=;1;0;? 
332;18.9.59.3.2.1;Administrative Templates (Computer);Windows Components: Password Synchronization;Remote Desktop Session Host: Connections: Restrict Remote Desktop Services users to a single Remote Desktop Services session;Passed;No value set - Default value: 1;=;1;1;? 
333;18.9.59.3.3.1;Administrative Templates (Computer);Windows Components: Password Synchronization;Remote Desktop Session Host: Device and Resource Redirection: Do not allow COM port redirection;Medium;No value set - Default value: 0;=;1;0;? 
334;18.9.59.3.3.2;Administrative Templates (Computer);Windows Components: Password Synchronization;Remote Desktop Session Host: Device and Resource Redirection: Do not allow drive redirection;Medium;No value set - Default value: 0;=;1;0;? 
335;18.9.59.3.3.3;Administrative Templates (Computer);Windows Components: Password Synchronization;Remote Desktop Session Host: Device and Resource Redirection: Do not allow LPT port redirection;Medium;No value set - Default value: 0;=;1;0;? 
336;18.9.59.3.3.4;Administrative Templates (Computer);Windows Components: Password Synchronization;Remote Desktop Session Host: Device and Resource Redirection: Do not allow supported Plug and Play device redirection;Medium;No value set - Default value: 0;=;1;0;? 
337;18.9.59.3.9.1;Administrative Templates (Computer);Windows Components: Password Synchronization;Remote Desktop Session Host: Security: Always prompt for password upon connection;Medium;No value set - Default value: 0;=;1;0;? 
338;18.9.59.3.9.2;Administrative Templates (Computer);Windows Components: Password Synchronization;Remote Desktop Session Host: Security: Require secure RPC communication;Medium;No value set - Default value: 0;=;1;0;? 
339;18.9.59.3.9.3;Administrative Templates (Computer);Windows Components: Password Synchronization;Remote Desktop Session Host: Security: Require use of specific security layer for remote (RDP) connections;Medium;No value set - Default value: 0;=;2;0;? 
340;18.9.59.3.9.4;Administrative Templates (Computer);Windows Components: Password Synchronization;Remote Desktop Session Host: Security: Require user authentication for remote connections by using Network Level Authentication;Passed;No value set - Default value: 1;=;1;1;? 
341;18.9.59.3.9.5;Administrative Templates (Computer);Windows Components: Password Synchronization;Remote Desktop Session Host: Security: Set client connection encryption level;Passed;No value set - Default value: 3;=;3;3;? 
342;18.9.59.3.10.1;Administrative Templates (Computer);Windows Components: Password Synchronization;Remote Desktop Session Host: Session Time Limits: Set time limit for active but idle Remote Desktop Services sessions;Passed;No value set - Default value: ;<=;900000;;? 
343;18.9.59.3.10.2;Administrative Templates (Computer);Windows Components: Password Synchronization;Remote Desktop Session Host: Session Time Limits: Set time limit for disconnected sessions;Medium;No value set - Default value: ;=;60000;;? 
344;18.9.59.3.11.1;Administrative Templates (Computer);Windows Components: Password Synchronization;Remote Desktop Session Host: Temporary folders: Do not delete temp folders upon exit;Medium;No value set - Default value: 0;=;1;0;? 
345;18.9.59.3.11.2;Administrative Templates (Computer);Windows Components: Password Synchronization;Remote Desktop Session Host: Temporary folders: Do not use temporary folders per session;Medium;No value set - Default value: 0;=;1;0;? 
346;18.9.60.1;Administrative Templates (Computer);Windows Components: Portable Operating System;RSS Feeds: Prevent downloading of enclosures;Medium;No value set - Default value: 0;=;1;0;? 
347;18.9.61.2;Administrative Templates (Computer);Windows Components: Presentation Settings;Search: Allow Cloud Search;Medium;No value set - Default value: 1;=;0;1;? 
348;18.9.61.3;Administrative Templates (Computer);Windows Components: Presentation Settings;Search: Allow indexing of encrypted files;Passed;No value set - Default value: 0;=;0;0;? 
349;18.9.66.1;Administrative Templates (Computer);Windows Components: Security Center;Software Protection Platform: Turn off KMS Client Online AVS Validation;Medium;No value set - Default value: 0;=;1;0;? 
350;18.9.77.3.1;Administrative Templates (Computer);Windows Components: Text Input;MAPS: Configure local setting override for reporting to Microsoft MAPS;Passed;No value set - Default value: 0;=;0;0;? 
351;18.9.77.3.2;Administrative Templates (Computer);Windows Components: Text Input;MAPS: Join Microsoft MAPS;Passed;No value set - Default value: 0;=|0;0;0;? 
352;18.9.77.7.1;Administrative Templates (Computer);Windows Components: Text Input;Real-time Protection: Turn on behavior monitoring (Policy);Passed;No value set - Default value: 1;=;1;1;? 
353;18.9.77.9.1;Administrative Templates (Computer);Windows Components: Text Input;Reporting: Configure Watson events;Medium;No value set - Default value: 1;=;0;1;? 
354;18.9.77.10.1;Administrative Templates (Computer);Windows Components: Text Input;Scan: Scan removable drives;Medium;No value set - Default value: 0;=;1;0;? 
355;18.9.77.10.2;Administrative Templates (Computer);Windows Components: Text Input;Scan: Turn on e-mail scanning;Medium;No value set - Default value: 0;=;1;0;? 
356;18.9.77.14;Administrative Templates (Computer);Windows Components: Text Input;Configure detection for potentially unwanted applications;Medium;No value set - Default value: 0;=;1;0;? 
357;18.9.77.15;Administrative Templates (Computer);Windows Components: Text Input;Turn off Windows Defender Antivirus;Passed;No value set - Default value: 0;=;0;0;? 
358;18.9.80.1.1.1;Administrative Templates (Computer);Windows Components: Windows Customer Experience Improvement Program;File Explorer: Configure Windows Defender SmartScreen;Medium;No value set - Default value: 0;=;1;0;? 
359;18.9.80.1.1.2;Administrative Templates (Computer);Windows Components: Windows Customer Experience Improvement Program;File Explorer: Configure Windows Defender SmartScreen to warn and prevent bypass;Medium;No value set - Default value: Warn;=;Block;Warn;? 
360;18.9.84.1;Administrative Templates (Computer);Windows Components: Windows Hello for Business (formerly Microsoft Passport for Work);Windows Ink Workspace: Allow suggested apps in Windows Ink Workspace;Medium;No value set - Default value: 1;=;0;1;? 
361;18.9.84.2;Administrative Templates (Computer);Windows Components: Windows Hello for Business (formerly Microsoft Passport for Work);Windows Ink Workspace: Allow Windows Ink Workspace;Passed;No value set - Default value: 1;<=;1;1;? 
362;18.9.85.1;Administrative Templates (Computer);Windows Components: Windows Ink Workspace;Windows Installer: Allow user control over installs;Passed;No value set - Default value: 0;=;0;0;? 
363;18.9.85.2;Administrative Templates (Computer);Windows Components: Windows Ink Workspace;Windows Installer: Always install with elevated privileges;Passed;No value set - Default value: 0;=;0;0;? 
364;18.9.85.3;Administrative Templates (Computer);Windows Components: Windows Ink Workspace;Windows Installer: Prevent Internet Explorer security prompt for Windows Installer scripts;Passed;No value set - Default value: 0;=;0;0;? 
365;18.9.86.1;Administrative Templates (Computer);Windows Components: Windows Installer;Windows Logon Options: Sign-in and lock last interactive user automatically after a restart;Medium;1;=;0;1;? 
366;18.9.95.1;Administrative Templates (Computer);Windows Components: Windows Movie Maker;Turn on PowerShell Script Block Logging;Medium;No value set - Default value: 1;=;0;1;? 
367;18.9.95.2;Administrative Templates (Computer);Windows Components: Windows Movie Maker;Turn on PowerShell Transcription;Passed;No value set - Default value: 0;=;0;0;? 
368;18.9.97.1.1;Administrative Templates (Computer);Windows Components: Windows Reliability Analysis;WinRM Client: Allow Basic authentication;Passed;No value set - Default value: 0;=;0;0;? 
369;18.9.97.1.2;Administrative Templates (Computer);Windows Components: Windows Reliability Analysis;WinRM Client: Allow unencrypted traffic;Medium;No value set - Default value: 0;=;1;0;? 
370;18.9.97.1.3;Administrative Templates (Computer);Windows Components: Windows Reliability Analysis;WinRM Client: Disallow Digest authentication;Passed;No value set - Default value: 0;=;0;0;? 
371;18.9.97.2.1;Administrative Templates (Computer);Windows Components: Windows Reliability Analysis;WinRM Service: Allow Basic authentication;Passed;No value set - Default value: 0;=;0;0;? 
372;18.9.97.2.2;Administrative Templates (Computer);Windows Components: Windows Reliability Analysis;WinRM Service: Allow remote server management through WinRM;Passed;No value set - Default value: 0;=;0;0;? 
373;18.9.97.2.3;Administrative Templates (Computer);Windows Components: Windows Reliability Analysis;WinRM Service: Allow unencrypted traffic;Medium;No value set - Default value: 0;=;1;0;? 
374;18.9.97.2.4;Administrative Templates (Computer);Windows Components: Windows Reliability Analysis;WinRM Service: Disallow WinRM from storing RunAs credentials;Medium;No value set - Default value: 0;=;1;0;? 
375;18.9.98.1;Administrative Templates (Computer);Windows Components: Windows Remote Management (WinRM): WinRM Service;Windows Remote Shell: Allow Remote Shell Access;Medium;No value set - Default value: 1;=;0;1;? 
376;18.9.99.2.1;Administrative Templates (Computer);Windows Components: Windows Remote Shell;App and browser protection: Prevent users from modifying settings;Medium;No value set - Default value: 0;=;1;0;? 
377;18.9.102.1.1.1;Administrative Templates (Computer);Windows Components: Windows System Resource Manager;Windows Update: Windows Update for Business: Manage preview builds (ManagePreviewBuilds);Medium;No value set - Default value: 0;=;1;0;? 
378;18.9.102.1.1.2;Administrative Templates (Computer);Windows Components: Windows System Resource Manager;Windows Update: Windows Update for Business: Manage preview builds (ManagePreviewBuildsPolicyValue);Medium;No value set - Default value: 0;=;1;0;? 
379;18.9.102.1.2.1;Administrative Templates (Computer);Windows Components: Windows System Resource Manager;Windows Update: Windows Update for Business: Select when Preview Builds and Feature Updates are received (DeferFeatureUpdates);Medium;No value set - Default value: 0;=;1;0;? 
380;18.9.102.1.2.2;Administrative Templates (Computer);Windows Components: Windows System Resource Manager;Windows Update: Windows Update for Business: Select when Preview Builds and Feature Updates are received (BranchReadinessLevel);Medium;No value set - Default value: ;=;16;;? 
381;18.9.102.1.2.3;Administrative Templates (Computer);Windows Components: Windows System Resource Manager;Windows Update: Windows Update for Business: Select when Preview Builds and Feature Updates are received (DeferFeatureUpdatesPeriodInDays);Medium;No value set - Default value: ;>=;180;;? 
382;18.9.102.1.3.1;Administrative Templates (Computer);Windows Components: Windows System Resource Manager;Windows Update: Windows Update for Business: Select when Quality Updates are received (DeferQualityUpdates);Passed;No value set - Default value: 1;=;1;1;? 
383;18.9.102.1.3.2;Administrative Templates (Computer);Windows Components: Windows System Resource Manager;Windows Update: Windows Update for Business: Select when Quality Updates are received (DeferQualityUpdatesPeriodInDays);Passed;No value set - Default value: 0;>=;0;0;? 
384;18.9.102.2;Administrative Templates (Computer);Windows Components: Windows System Resource Manager;Windows Update: Configure Automatic Updates;Passed;No value set - Default value: 1;>=;1;1;? 
385;18.9.102.3;Administrative Templates (Computer);Windows Components: Windows System Resource Manager;Windows Update: Configure Automatic Updates: Scheduled install day;Passed;No value set - Default value: ;>=;0;;? 
386;18.9.102.4;Administrative Templates (Computer);Windows Components: Windows System Resource Manager;Windows Update: No auto-restart with logged on users for scheduled automatic updates installations;Passed;No value set - Default value: 0;>=;0;0;? 
